id,room_id/id,noted_date,temp,out/in,Date,Time
__export__.temp_log_196134_bd201015,Room Admin,08-12-2018 09:30,29,1,08-12-2018,09:30
__export__.temp_log_196131_7bca51bc,Room Admin,08-12-2018 09:30,29,1,08-12-2018,09:30
__export__.temp_log_196127_522915e3,Room Admin,08-12-2018 09:29,41,0,08-12-2018,09:29
__export__.temp_log_196128_be0919cf,Room Admin,08-12-2018 09:29,41,0,08-12-2018,09:29
__export__.temp_log_196126_d30b72fb,Room Admin,08-12-2018 09:29,31,1,08-12-2018,09:29
__export__.temp_log_196125_b0fa0b41,Room Admin,08-12-2018 09:29,31,1,08-12-2018,09:29
__export__.temp_log_196121_01544d45,Room Admin,08-12-2018 09:28,29,1,08-12-2018,09:28
__export__.temp_log_196122_f8b80a9f,Room Admin,08-12-2018 09:28,29,1,08-12-2018,09:28
__export__.temp_log_196111_6b7a0848,Room Admin,08-12-2018 09:26,29,1,08-12-2018,09:26
__export__.temp_log_196112_e134aebd,Room Admin,08-12-2018 09:26,29,1,08-12-2018,09:26
__export__.temp_log_196108_4a983c7e,Room Admin,08-12-2018 09:25,42,0,08-12-2018,09:25
__export__.temp_log_196108_4a983c7e,Room Admin,08-12-2018 09:25,42,0,08-12-2018,09:25
__export__.temp_log_196101_d5ec7633,Room Admin,08-12-2018 09:24,29,1,08-12-2018,09:24
__export__.temp_log_196099_3b8ef67b,Room Admin,08-12-2018 09:24,29,1,08-12-2018,09:24
__export__.temp_log_196095_788b2c27,Room Admin,08-12-2018 09:22,29,1,08-12-2018,09:22
__export__.temp_log_196096_eafb59b6,Room Admin,08-12-2018 09:22,29,1,08-12-2018,09:22
__export__.temp_log_196094_38501388,Room Admin,08-12-2018 09:21,41,0,08-12-2018,09:21
__export__.temp_log_196093_f0b3b649,Room Admin,08-12-2018 09:21,41,0,08-12-2018,09:21
__export__.temp_log_196090_b5f7ca9c,Room Admin,08-12-2018 09:20,29,1,08-12-2018,09:20
__export__.temp_log_196087_e04d9477,Room Admin,08-12-2018 09:20,29,1,08-12-2018,09:20
__export__.temp_log_196085_1e3e9e86,Room Admin,08-12-2018 09:19,42,0,08-12-2018,09:19
__export__.temp_log_196086_ab9ff962,Room Admin,08-12-2018 09:19,42,0,08-12-2018,09:19
__export__.temp_log_196082_e025abaa,Room Admin,08-12-2018 09:18,29,1,08-12-2018,09:18
__export__.temp_log_196081_db1796b5,Room Admin,08-12-2018 09:18,29,1,08-12-2018,09:18
__export__.temp_log_196080_911f4eef,Room Admin,08-12-2018 09:17,41,0,08-12-2018,09:17
__export__.temp_log_196079_7a0ef724,Room Admin,08-12-2018 09:17,41,0,08-12-2018,09:17
__export__.temp_log_196077_d97a0ff1,Room Admin,08-12-2018 09:16,29,1,08-12-2018,09:16
__export__.temp_log_196076_93e253c7,Room Admin,08-12-2018 09:16,29,1,08-12-2018,09:16
__export__.temp_log_196073_6cce2ad3,Room Admin,08-12-2018 09:14,29,1,08-12-2018,09:14
__export__.temp_log_196071_cfb015ff,Room Admin,08-12-2018 09:14,29,1,08-12-2018,09:14
__export__.temp_log_196065_a29349e0,Room Admin,08-12-2018 09:12,29,1,08-12-2018,09:12
__export__.temp_log_196063_5facf520,Room Admin,08-12-2018 09:12,29,1,08-12-2018,09:12
__export__.temp_log_196056_de074bc3,Room Admin,08-12-2018 09:09,42,0,08-12-2018,09:09
__export__.temp_log_196055_c4b4dac1,Room Admin,08-12-2018 09:09,42,0,08-12-2018,09:09
__export__.temp_log_196052_a206be15,Room Admin,08-12-2018 09:08,29,1,08-12-2018,09:08
__export__.temp_log_196050_3c252aff,Room Admin,08-12-2018 09:08,29,1,08-12-2018,09:08
__export__.temp_log_196048_e4e30610,Room Admin,08-12-2018 09:07,41,0,08-12-2018,09:07
__export__.temp_log_196047_da4d3971,Room Admin,08-12-2018 09:07,41,0,08-12-2018,09:07
__export__.temp_log_196039_a167c302,Room Admin,08-12-2018 09:05,29,1,08-12-2018,09:05
__export__.temp_log_196038_b58a003f,Room Admin,08-12-2018 09:04,42,0,08-12-2018,09:04
__export__.temp_log_196037_fdf98314,Room Admin,08-12-2018 09:04,30,1,08-12-2018,09:04
__export__.temp_log_196035_689daecd,Room Admin,08-12-2018 09:04,29,1,08-12-2018,09:04
__export__.temp_log_196034_d592acf9,Room Admin,08-12-2018 09:03,42,0,08-12-2018,09:03
__export__.temp_log_196033_cec7562b,Room Admin,08-12-2018 09:03,30,1,08-12-2018,09:03
__export__.temp_log_196026_8ad54b4f,Room Admin,08-12-2018 09:01,30,1,08-12-2018,09:01
__export__.temp_log_196022_1b205f24,Room Admin,08-12-2018 09:00,29,1,08-12-2018,09:00
__export__.temp_log_196021_0ed345a9,Room Admin,08-12-2018 09:00,29,1,08-12-2018,09:00
__export__.temp_log_196020_dbaffc92,Room Admin,08-12-2018 08:58,29,1,08-12-2018,08:58
__export__.temp_log_196018_adf4ef79,Room Admin,08-12-2018 08:58,29,1,08-12-2018,08:58
__export__.temp_log_196016_20a6e7e2,Room Admin,08-12-2018 08:57,41,0,08-12-2018,08:57
__export__.temp_log_196014_8d2b9031,Room Admin,08-12-2018 08:55,30,1,08-12-2018,08:55
__export__.temp_log_196015_db31e3bc,Room Admin,08-12-2018 08:55,30,1,08-12-2018,08:55
__export__.temp_log_196010_238d7f2d,Room Admin,08-12-2018 08:53,42,0,08-12-2018,08:53
__export__.temp_log_196011_5a5158ba,Room Admin,08-12-2018 08:53,42,0,08-12-2018,08:53
__export__.temp_log_196003_7a23e92c,Room Admin,08-12-2018 08:52,29,1,08-12-2018,08:52
__export__.temp_log_196000_3f2ed7ca,Room Admin,08-12-2018 08:52,29,1,08-12-2018,08:52
__export__.temp_log_195999_728bba0f,Room Admin,08-12-2018 08:51,31,1,08-12-2018,08:51
__export__.temp_log_195994_6650de18,Room Admin,08-12-2018 08:50,29,1,08-12-2018,08:50
__export__.temp_log_195993_ca94691a,Room Admin,08-12-2018 08:50,29,1,08-12-2018,08:50
__export__.temp_log_195983_fec1f952,Room Admin,08-12-2018 08:48,29,1,08-12-2018,08:48
__export__.temp_log_195976_f524a948,Room Admin,08-12-2018 08:46,29,1,08-12-2018,08:46
__export__.temp_log_195977_e1805396,Room Admin,08-12-2018 08:46,29,1,08-12-2018,08:46
__export__.temp_log_195972_db46be7e,Room Admin,08-12-2018 08:42,29,1,08-12-2018,08:42
__export__.temp_log_195969_8f5806db,Room Admin,08-12-2018 08:42,29,1,08-12-2018,08:42
__export__.temp_log_195968_c5929341,Room Admin,08-12-2018 08:41,41,0,08-12-2018,08:41
__export__.temp_log_195966_7067918d,Room Admin,08-12-2018 08:41,30,1,08-12-2018,08:41
__export__.temp_log_195967_fd90463b,Room Admin,08-12-2018 08:41,30,1,08-12-2018,08:41
__export__.temp_log_195965_d674087f,Room Admin,08-12-2018 08:40,29,1,08-12-2018,08:40
__export__.temp_log_195964_78b18ce8,Room Admin,08-12-2018 08:40,29,1,08-12-2018,08:40
__export__.temp_log_195960_83b2ac63,Room Admin,08-12-2018 08:38,29,1,08-12-2018,08:38
__export__.temp_log_195958_d1f1c452,Room Admin,08-12-2018 08:38,29,1,08-12-2018,08:38
__export__.temp_log_195952_80703f87,Room Admin,08-12-2018 08:36,29,1,08-12-2018,08:36
__export__.temp_log_195953_8d40d5d6,Room Admin,08-12-2018 08:36,29,1,08-12-2018,08:36
__export__.temp_log_195946_950a05dd,Room Admin,08-12-2018 08:34,29,1,08-12-2018,08:34
__export__.temp_log_195947_788677b5,Room Admin,08-12-2018 08:34,29,1,08-12-2018,08:34
__export__.temp_log_195943_2f2b26fa,Room Admin,08-12-2018 08:33,41,0,08-12-2018,08:33
__export__.temp_log_195942_5e1c858f,Room Admin,08-12-2018 08:33,41,0,08-12-2018,08:33
__export__.temp_log_195937_fb578c35,Room Admin,08-12-2018 08:32,29,1,08-12-2018,08:32
__export__.temp_log_195935_ab01285d,Room Admin,08-12-2018 08:32,29,1,08-12-2018,08:32
__export__.temp_log_195933_53aa6200,Room Admin,08-12-2018 08:31,41,0,08-12-2018,08:31
__export__.temp_log_195932_988cb49a,Room Admin,08-12-2018 08:31,41,0,08-12-2018,08:31
__export__.temp_log_195929_7e57e39e,Room Admin,08-12-2018 08:30,29,1,08-12-2018,08:30
__export__.temp_log_195928_bf913f02,Room Admin,08-12-2018 08:30,29,1,08-12-2018,08:30
__export__.temp_log_195923_6788ab66,Room Admin,08-12-2018 08:28,29,1,08-12-2018,08:28
__export__.temp_log_195921_54b29c20,Room Admin,08-12-2018 08:28,29,1,08-12-2018,08:28
__export__.temp_log_195919_2c731f8f,Room Admin,08-12-2018 08:27,41,0,08-12-2018,08:27
__export__.temp_log_195918_0b04645d,Room Admin,08-12-2018 08:27,41,0,08-12-2018,08:27
__export__.temp_log_195915_0f898d60,Room Admin,08-12-2018 08:26,29,1,08-12-2018,08:26
__export__.temp_log_195914_c287670c,Room Admin,08-12-2018 08:26,29,1,08-12-2018,08:26
__export__.temp_log_195913_12036871,Room Admin,08-12-2018 08:25,41,0,08-12-2018,08:25
__export__.temp_log_195912_d1225202,Room Admin,08-12-2018 08:25,41,0,08-12-2018,08:25
__export__.temp_log_195909_4bb4aa6e,Room Admin,08-12-2018 08:24,29,1,08-12-2018,08:24
__export__.temp_log_195910_45867a15,Room Admin,08-12-2018 08:24,29,1,08-12-2018,08:24
__export__.temp_log_195906_25300ce4,Room Admin,08-12-2018 08:23,41,0,08-12-2018,08:23
__export__.temp_log_195907_a93e5292,Room Admin,08-12-2018 08:23,41,0,08-12-2018,08:23
__export__.temp_log_195905_c6c4e9b4,Room Admin,08-12-2018 08:22,29,1,08-12-2018,08:22
__export__.temp_log_195904_2e517ede,Room Admin,08-12-2018 08:22,29,1,08-12-2018,08:22
__export__.temp_log_195900_d8ef0bf6,Room Admin,08-12-2018 08:21,40,0,08-12-2018,08:21
__export__.temp_log_195901_224e9da3,Room Admin,08-12-2018 08:21,40,0,08-12-2018,08:21
__export__.temp_log_195897_5db0f878,Room Admin,08-12-2018 08:20,29,1,08-12-2018,08:20
__export__.temp_log_195898_e3dd9f74,Room Admin,08-12-2018 08:20,29,1,08-12-2018,08:20
__export__.temp_log_195895_f547a4eb,Room Admin,08-12-2018 08:18,29,1,08-12-2018,08:18
__export__.temp_log_195894_3bedeaeb,Room Admin,08-12-2018 08:18,29,1,08-12-2018,08:18
__export__.temp_log_195891_1322e658,Room Admin,08-12-2018 08:17,30,1,08-12-2018,08:17
__export__.temp_log_195890_324848c7,Room Admin,08-12-2018 08:17,30,1,08-12-2018,08:17
__export__.temp_log_195887_7278790d,Room Admin,08-12-2018 08:16,29,1,08-12-2018,08:16
__export__.temp_log_195885_53d95e8e,Room Admin,08-12-2018 08:16,29,1,08-12-2018,08:16
__export__.temp_log_195883_0d611f99,Room Admin,08-12-2018 08:15,40,0,08-12-2018,08:15
__export__.temp_log_195882_a8219097,Room Admin,08-12-2018 08:15,40,0,08-12-2018,08:15
__export__.temp_log_195881_8bf9697a,Room Admin,08-12-2018 08:15,30,1,08-12-2018,08:15
__export__.temp_log_195880_5ba2a991,Room Admin,08-12-2018 08:15,30,1,08-12-2018,08:15
__export__.temp_log_195877_bcc1e881,Room Admin,08-12-2018 08:12,29,1,08-12-2018,08:12
__export__.temp_log_195875_3859808a,Room Admin,08-12-2018 08:12,29,1,08-12-2018,08:12
__export__.temp_log_195873_2049543d,Room Admin,08-12-2018 08:11,40,0,08-12-2018,08:11
__export__.temp_log_195872_6f0767e8,Room Admin,08-12-2018 08:11,40,0,08-12-2018,08:11
__export__.temp_log_195867_b370c0e5,Room Admin,08-12-2018 08:10,29,1,08-12-2018,08:10
__export__.temp_log_195869_b3533a1a,Room Admin,08-12-2018 08:10,29,1,08-12-2018,08:10
__export__.temp_log_195863_8fec02dc,Room Admin,08-12-2018 08:08,29,1,08-12-2018,08:08
__export__.temp_log_195862_437cc596,Room Admin,08-12-2018 08:08,29,1,08-12-2018,08:08
__export__.temp_log_195859_401ac233,Room Admin,08-12-2018 08:07,40,0,08-12-2018,08:07
__export__.temp_log_195858_e99304af,Room Admin,08-12-2018 08:07,40,0,08-12-2018,08:07
__export__.temp_log_195855_0cae6cd7,Room Admin,08-12-2018 08:06,29,1,08-12-2018,08:06
__export__.temp_log_195854_31c44924,Room Admin,08-12-2018 08:06,29,1,08-12-2018,08:06
__export__.temp_log_195850_ac3cefe9,Room Admin,08-12-2018 08:05,40,0,08-12-2018,08:05
__export__.temp_log_195851_e5ff2539,Room Admin,08-12-2018 08:05,40,0,08-12-2018,08:05
__export__.temp_log_195843_94e9ddeb,Room Admin,08-12-2018 08:04,29,1,08-12-2018,08:04
__export__.temp_log_195841_4309bd29,Room Admin,08-12-2018 08:04,41,0,08-12-2018,08:04
__export__.temp_log_195839_47cb936e,Room Admin,08-12-2018 08:04,29,1,08-12-2018,08:04
__export__.temp_log_195835_c9e1c966,Room Admin,08-12-2018 08:03,41,0,08-12-2018,08:03
__export__.temp_log_195832_c1f30f3b,Room Admin,08-12-2018 08:03,29,1,08-12-2018,08:03
__export__.temp_log_195827_415cb68d,Room Admin,08-12-2018 08:02,29,1,08-12-2018,08:02
__export__.temp_log_195825_8b52d359,Room Admin,08-12-2018 08:01,29,1,08-12-2018,08:01
__export__.temp_log_195819_aeb37aba,Room Admin,08-12-2018 07:58,29,1,08-12-2018,07:58
__export__.temp_log_195814_cb52225d,Room Admin,08-12-2018 07:56,29,1,08-12-2018,07:56
__export__.temp_log_195808_350db3da,Room Admin,08-12-2018 07:56,40,0,08-12-2018,07:56
__export__.temp_log_195809_1a7adc53,Room Admin,08-12-2018 07:56,29,1,08-12-2018,07:56
__export__.temp_log_195804_2def877a,Room Admin,08-12-2018 07:55,40,0,08-12-2018,07:55
__export__.temp_log_195802_113aa722,Room Admin,08-12-2018 07:54,29,1,08-12-2018,07:54
__export__.temp_log_195799_9326dd39,Room Admin,08-12-2018 07:52,29,1,08-12-2018,07:52
__export__.temp_log_195796_19025bcd,Room Admin,08-12-2018 07:52,29,1,08-12-2018,07:52
__export__.temp_log_195797_2c2a633b,Room Admin,08-12-2018 07:52,41,0,08-12-2018,07:52
__export__.temp_log_195793_f138a506,Room Admin,08-12-2018 07:51,41,0,08-12-2018,07:51
__export__.temp_log_195791_42832358,Room Admin,08-12-2018 07:51,29,1,08-12-2018,07:51
__export__.temp_log_195789_e73d0273,Room Admin,08-12-2018 07:50,29,1,08-12-2018,07:50
__export__.temp_log_195786_0e1a8c21,Room Admin,08-12-2018 07:48,40,0,08-12-2018,07:48
__export__.temp_log_195784_be4e2149,Room Admin,08-12-2018 07:47,40,0,08-12-2018,07:47
__export__.temp_log_195781_d191f832,Room Admin,08-12-2018 07:46,29,1,08-12-2018,07:46
__export__.temp_log_195778_33c5ac50,Room Admin,08-12-2018 07:44,29,1,08-12-2018,07:44
__export__.temp_log_195775_4b268ee4,Room Admin,08-12-2018 07:44,29,1,08-12-2018,07:44
__export__.temp_log_195771_5e45289d,Room Admin,08-12-2018 07:41,29,1,08-12-2018,07:41
__export__.temp_log_195757_f68963a1,Room Admin,08-12-2018 07:34,29,1,08-12-2018,07:34
__export__.temp_log_195755_49c6143b,Room Admin,08-12-2018 07:33,29,1,08-12-2018,07:33
__export__.temp_log_195754_a4798307,Room Admin,08-12-2018 07:31,29,1,08-12-2018,07:31
__export__.temp_log_195753_d577e2a7,Room Admin,08-12-2018 07:30,29,1,08-12-2018,07:30
__export__.temp_log_195747_0e2463c8,Room Admin,08-12-2018 07:28,29,1,08-12-2018,07:28
__export__.temp_log_195748_ef018a38,Room Admin,08-12-2018 07:27,29,1,08-12-2018,07:27
__export__.temp_log_195746_2bf6f84c,Room Admin,08-12-2018 07:27,39,0,08-12-2018,07:27
__export__.temp_log_195743_3490989d,Room Admin,08-12-2018 07:25,29,1,08-12-2018,07:25
__export__.temp_log_195741_1ee117ce,Room Admin,08-12-2018 07:22,29,1,08-12-2018,07:22
__export__.temp_log_195737_9b7cf031,Room Admin,08-12-2018 07:18,29,1,08-12-2018,07:18
__export__.temp_log_195735_db7981b8,Room Admin,08-12-2018 07:17,29,1,08-12-2018,07:17
__export__.temp_log_195734_4f2562c2,Room Admin,08-12-2018 07:17,39,0,08-12-2018,07:17
__export__.temp_log_195730_7a1e694e,Room Admin,08-12-2018 07:15,38,0,08-12-2018,07:15
__export__.temp_log_195721_7eaf3460,Room Admin,08-12-2018 07:08,39,0,08-12-2018,07:08
__export__.temp_log_195720_6d45515d,Room Admin,08-12-2018 07:06,29,1,08-12-2018,07:06
__export__.temp_log_195719_49a74545,Room Admin,08-12-2018 07:06,40,0,08-12-2018,07:06
__export__.temp_log_195718_71c2dad3,Room Admin,08-12-2018 07:03,29,1,08-12-2018,07:03
__export__.temp_log_195712_33302c75,Room Admin,08-12-2018 06:57,29,1,08-12-2018,06:57
__export__.temp_log_195710_02625a80,Room Admin,08-12-2018 06:57,39,0,08-12-2018,06:57
__export__.temp_log_195705_d12a0132,Room Admin,08-12-2018 06:56,39,0,08-12-2018,06:56
__export__.temp_log_195699_ae35986e,Room Admin,08-12-2018 06:53,29,1,08-12-2018,06:53
__export__.temp_log_195700_9f91987a,Room Admin,08-12-2018 06:53,29,1,08-12-2018,06:53
__export__.temp_log_195696_ab5dac1e,Room Admin,08-12-2018 06:52,29,1,08-12-2018,06:52
__export__.temp_log_195695_ad7c7502,Room Admin,08-12-2018 06:52,39,0,08-12-2018,06:52
__export__.temp_log_195689_2122bb37,Room Admin,08-12-2018 06:51,29,1,08-12-2018,06:51
__export__.temp_log_195691_e741f787,Room Admin,08-12-2018 06:51,39,0,08-12-2018,06:51
__export__.temp_log_195681_bd6505a1,Room Admin,08-12-2018 06:50,29,1,08-12-2018,06:50
__export__.temp_log_195676_e12ff8ac,Room Admin,08-12-2018 06:47,39,0,08-12-2018,06:47
__export__.temp_log_195675_881ee565,Room Admin,08-12-2018 06:47,29,1,08-12-2018,06:47
__export__.temp_log_195671_e74cdb3b,Room Admin,08-12-2018 06:44,39,0,08-12-2018,06:44
__export__.temp_log_195666_5cdf88fa,Room Admin,08-12-2018 06:43,39,0,08-12-2018,06:43
__export__.temp_log_195664_5c6077e7,Room Admin,08-12-2018 06:42,29,1,08-12-2018,06:42
__export__.temp_log_195662_0427381e,Room Admin,08-12-2018 06:41,29,1,08-12-2018,06:41
__export__.temp_log_195658_8fc4ba31,Room Admin,08-12-2018 06:39,29,1,08-12-2018,06:39
__export__.temp_log_195657_ce71fe88,Room Admin,08-12-2018 06:39,29,1,08-12-2018,06:39
__export__.temp_log_195653_c4fb531f,Room Admin,08-12-2018 06:37,29,1,08-12-2018,06:37
__export__.temp_log_195654_646ef3ee,Room Admin,08-12-2018 06:37,29,1,08-12-2018,06:37
__export__.temp_log_195641_5f06db35,Room Admin,08-12-2018 06:35,29,1,08-12-2018,06:35
__export__.temp_log_195638_3041af8f,Room Admin,08-12-2018 06:33,29,1,08-12-2018,06:33
__export__.temp_log_195631_0521288e,Room Admin,08-12-2018 06:32,39,0,08-12-2018,06:32
__export__.temp_log_195629_fe2b9da4,Room Admin,08-12-2018 06:31,39,0,08-12-2018,06:31
__export__.temp_log_195624_895f8bec,Room Admin,08-12-2018 06:30,29,1,08-12-2018,06:30
__export__.temp_log_195622_231c2bdf,Room Admin,08-12-2018 06:29,29,1,08-12-2018,06:29
__export__.temp_log_195614_1148cf83,Room Admin,08-12-2018 06:25,29,1,08-12-2018,06:25
__export__.temp_log_195605_b53f739a,Room Admin,08-12-2018 06:23,29,1,08-12-2018,06:23
__export__.temp_log_195601_dd0c7ab3,Room Admin,08-12-2018 06:22,29,1,08-12-2018,06:22
__export__.temp_log_195598_ad3240b5,Room Admin,08-12-2018 06:21,29,1,08-12-2018,06:21
__export__.temp_log_195593_e192d0f3,Room Admin,08-12-2018 06:21,29,1,08-12-2018,06:21
__export__.temp_log_195589_ce331dcf,Room Admin,08-12-2018 06:19,29,1,08-12-2018,06:19
__export__.temp_log_195583_b22df853,Room Admin,08-12-2018 06:17,29,1,08-12-2018,06:17
__export__.temp_log_195581_f56cee93,Room Admin,08-12-2018 06:16,29,1,08-12-2018,06:16
__export__.temp_log_195578_2d6785ee,Room Admin,08-12-2018 06:15,29,1,08-12-2018,06:15
__export__.temp_log_195574_7d6d296e,Room Admin,08-12-2018 06:14,39,0,08-12-2018,06:14
__export__.temp_log_195573_717824ba,Room Admin,08-12-2018 06:14,29,1,08-12-2018,06:14
__export__.temp_log_195567_c41391e4,Room Admin,08-12-2018 06:11,29,1,08-12-2018,06:11
__export__.temp_log_195564_a98743a4,Room Admin,08-12-2018 06:11,29,1,08-12-2018,06:11
__export__.temp_log_195560_e7b66ccd,Room Admin,08-12-2018 06:09,39,0,08-12-2018,06:09
__export__.temp_log_195561_012fc08b,Room Admin,08-12-2018 06:09,29,1,08-12-2018,06:09
__export__.temp_log_195555_0feeb1cb,Room Admin,08-12-2018 06:07,29,1,08-12-2018,06:07
__export__.temp_log_195549_7720b115,Room Admin,08-12-2018 06:06,29,1,08-12-2018,06:06
__export__.temp_log_195546_8553cd41,Room Admin,08-12-2018 06:05,29,1,08-12-2018,06:05
__export__.temp_log_195538_dd2918d1,Room Admin,08-12-2018 06:02,38,0,08-12-2018,06:02
__export__.temp_log_195532_3f1b5fb1,Room Admin,08-12-2018 06:01,39,0,08-12-2018,06:01
__export__.temp_log_195531_641454b1,Room Admin,08-12-2018 06:01,29,1,08-12-2018,06:01
__export__.temp_log_195525_4c6f82e7,Room Admin,08-12-2018 05:59,39,0,08-12-2018,05:59
__export__.temp_log_195524_6d22cf81,Room Admin,08-12-2018 05:59,29,1,08-12-2018,05:59
__export__.temp_log_195523_ff5a3f2d,Room Admin,08-12-2018 05:59,39,0,08-12-2018,05:59
__export__.temp_log_195520_35e595e6,Room Admin,08-12-2018 05:59,29,1,08-12-2018,05:59
__export__.temp_log_195515_446a24b8,Room Admin,08-12-2018 05:57,38,0,08-12-2018,05:57
__export__.temp_log_195507_c69cd4c0,Room Admin,08-12-2018 05:55,39,0,08-12-2018,05:55
__export__.temp_log_195508_c28f66e6,Room Admin,08-12-2018 05:55,29,1,08-12-2018,05:55
__export__.temp_log_195469_b1fcae4e,Room Admin,08-12-2018 05:43,30,1,08-12-2018,05:43
__export__.temp_log_195467_bdc3b8d2,Room Admin,08-12-2018 05:43,30,1,08-12-2018,05:43
__export__.temp_log_195462_d0f5705e,Room Admin,08-12-2018 05:41,29,1,08-12-2018,05:41
__export__.temp_log_195459_cabba896,Room Admin,08-12-2018 05:40,29,1,08-12-2018,05:40
__export__.temp_log_195458_77a9ad02,Room Admin,08-12-2018 05:39,38,0,08-12-2018,05:39
__export__.temp_log_195447_07d602b5,Room Admin,08-12-2018 05:37,30,1,08-12-2018,05:37
__export__.temp_log_195444_84ddce5e,Room Admin,08-12-2018 05:35,29,1,08-12-2018,05:35
__export__.temp_log_195440_f7e2c6ed,Room Admin,08-12-2018 05:35,30,1,08-12-2018,05:35
__export__.temp_log_195435_2563753c,Room Admin,08-12-2018 05:33,30,1,08-12-2018,05:33
__export__.temp_log_195434_3dd6ba8b,Room Admin,08-12-2018 05:31,29,1,08-12-2018,05:31
__export__.temp_log_195427_8580654c,Room Admin,08-12-2018 05:29,29,1,08-12-2018,05:29
__export__.temp_log_195428_13e2d9bd,Room Admin,08-12-2018 05:29,29,1,08-12-2018,05:29
__export__.temp_log_195418_477bec87,Room Admin,08-12-2018 05:25,38,0,08-12-2018,05:25
__export__.temp_log_195417_716b1860,Room Admin,08-12-2018 05:25,38,0,08-12-2018,05:25
__export__.temp_log_195416_77e1755c,Room Admin,08-12-2018 05:25,29,1,08-12-2018,05:25
__export__.temp_log_195415_66478123,Room Admin,08-12-2018 05:25,29,1,08-12-2018,05:25
__export__.temp_log_195412_c0870399,Room Admin,08-12-2018 05:23,38,0,08-12-2018,05:23
__export__.temp_log_195411_5c6c829b,Room Admin,08-12-2018 05:23,38,0,08-12-2018,05:23
__export__.temp_log_195410_c6095322,Room Admin,08-12-2018 05:23,29,1,08-12-2018,05:23
__export__.temp_log_195409_1b2294e4,Room Admin,08-12-2018 05:23,29,1,08-12-2018,05:23
__export__.temp_log_195402_255a505f,Room Admin,08-12-2018 05:21,38,0,08-12-2018,05:21
__export__.temp_log_195401_72c4932f,Room Admin,08-12-2018 05:21,38,0,08-12-2018,05:21
__export__.temp_log_195400_4f81abe4,Room Admin,08-12-2018 05:21,29,1,08-12-2018,05:21
__export__.temp_log_195399_57296b5c,Room Admin,08-12-2018 05:21,29,1,08-12-2018,05:21
__export__.temp_log_195394_a8647158,Room Admin,08-12-2018 05:20,29,1,08-12-2018,05:20
__export__.temp_log_195392_366330b0,Room Admin,08-12-2018 05:19,29,1,08-12-2018,05:19
__export__.temp_log_195391_895b9428,Room Admin,08-12-2018 05:19,29,1,08-12-2018,05:19
__export__.temp_log_195387_62a2fc50,Room Admin,08-12-2018 05:17,29,1,08-12-2018,05:17
__export__.temp_log_195385_bc2cd923,Room Admin,08-12-2018 05:16,29,1,08-12-2018,05:16
__export__.temp_log_195382_82800a71,Room Admin,08-12-2018 05:15,29,1,08-12-2018,05:15
__export__.temp_log_195377_975bba5a,Room Admin,08-12-2018 05:13,38,0,08-12-2018,05:13
__export__.temp_log_195375_102599b8,Room Admin,08-12-2018 05:13,29,1,08-12-2018,05:13
__export__.temp_log_195376_fe5fe606,Room Admin,08-12-2018 05:13,38,0,08-12-2018,05:13
__export__.temp_log_195369_d66fedef,Room Admin,08-12-2018 05:12,38,0,08-12-2018,05:12
__export__.temp_log_195368_5827d784,Room Admin,08-12-2018 05:12,29,1,08-12-2018,05:12
__export__.temp_log_195367_81005fac,Room Admin,08-12-2018 05:11,38,0,08-12-2018,05:11
__export__.temp_log_195362_487245c1,Room Admin,08-12-2018 05:09,38,0,08-12-2018,05:09
__export__.temp_log_195361_5e231b52,Room Admin,08-12-2018 05:09,29,1,08-12-2018,05:09
__export__.temp_log_195357_6d3ea324,Room Admin,08-12-2018 05:08,38,0,08-12-2018,05:08
__export__.temp_log_195356_cc50e6c4,Room Admin,08-12-2018 05:08,29,1,08-12-2018,05:08
__export__.temp_log_195354_4fc4d09d,Room Admin,08-12-2018 05:07,38,0,08-12-2018,05:07
__export__.temp_log_195352_5eafa76a,Room Admin,08-12-2018 05:07,29,1,08-12-2018,05:07
__export__.temp_log_195342_3485727d,Room Admin,08-12-2018 05:05,29,1,08-12-2018,05:05
__export__.temp_log_195338_40c6f6c7,Room Admin,08-12-2018 05:03,29,1,08-12-2018,05:03
__export__.temp_log_195332_24f657f4,Room Admin,08-12-2018 05:01,37,0,08-12-2018,05:01
__export__.temp_log_195331_5e65720d,Room Admin,08-12-2018 05:01,29,1,08-12-2018,05:01
__export__.temp_log_195326_cbc29b3b,Room Admin,08-12-2018 04:59,38,0,08-12-2018,04:59
__export__.temp_log_195315_38ef5b29,Room Admin,08-12-2018 04:55,29,1,08-12-2018,04:55
__export__.temp_log_195314_4f6d4d40,Room Admin,08-12-2018 04:55,29,1,08-12-2018,04:55
__export__.temp_log_195307_0d28e9ba,Room Admin,08-12-2018 04:54,37,0,08-12-2018,04:54
__export__.temp_log_195306_f4b13bed,Room Admin,08-12-2018 04:53,37,0,08-12-2018,04:53
__export__.temp_log_195305_08839f90,Room Admin,08-12-2018 04:53,29,1,08-12-2018,04:53
__export__.temp_log_195303_e59befe1,Room Admin,08-12-2018 04:53,29,1,08-12-2018,04:53
__export__.temp_log_195287_6cc0f8ba,Room Admin,08-12-2018 04:49,29,1,08-12-2018,04:49
__export__.temp_log_195286_6d1b0ac4,Room Admin,08-12-2018 04:49,29,1,08-12-2018,04:49
__export__.temp_log_195279_786b27a2,Room Admin,08-12-2018 04:47,29,1,08-12-2018,04:47
__export__.temp_log_195278_f559d8fa,Room Admin,08-12-2018 04:47,29,1,08-12-2018,04:47
__export__.temp_log_195263_2895b558,Room Admin,08-12-2018 04:43,29,1,08-12-2018,04:43
__export__.temp_log_195262_fa4c706c,Room Admin,08-12-2018 04:43,29,1,08-12-2018,04:43
__export__.temp_log_195253_839bbc1e,Room Admin,08-12-2018 04:39,29,1,08-12-2018,04:39
__export__.temp_log_195252_7854256f,Room Admin,08-12-2018 04:39,29,1,08-12-2018,04:39
__export__.temp_log_195247_c6a62b1f,Room Admin,08-12-2018 04:39,30,1,08-12-2018,04:39
__export__.temp_log_195246_404b296d,Room Admin,08-12-2018 04:39,30,1,08-12-2018,04:39
__export__.temp_log_195239_276850e2,Room Admin,08-12-2018 04:36,37,0,08-12-2018,04:36
__export__.temp_log_195238_4aaec119,Room Admin,08-12-2018 04:35,37,0,08-12-2018,04:35
__export__.temp_log_195237_541c156e,Room Admin,08-12-2018 04:35,29,1,08-12-2018,04:35
__export__.temp_log_195236_4b7ee5f0,Room Admin,08-12-2018 04:35,29,1,08-12-2018,04:35
__export__.temp_log_195232_cd555655,Room Admin,08-12-2018 04:34,37,0,08-12-2018,04:34
__export__.temp_log_195233_17d291b5,Room Admin,08-12-2018 04:33,37,0,08-12-2018,04:33
__export__.temp_log_195231_b7d8ce75,Room Admin,08-12-2018 04:33,29,1,08-12-2018,04:33
__export__.temp_log_195230_d4a4c157,Room Admin,08-12-2018 04:33,29,1,08-12-2018,04:33
__export__.temp_log_195219_2cfdb292,Room Admin,08-12-2018 04:30,37,0,08-12-2018,04:30
__export__.temp_log_195218_5f5337cd,Room Admin,08-12-2018 04:29,37,0,08-12-2018,04:29
__export__.temp_log_195193_b290b1e4,Room Admin,08-12-2018 04:23,37,0,08-12-2018,04:23
__export__.temp_log_195192_bc83082e,Room Admin,08-12-2018 04:23,37,0,08-12-2018,04:23
__export__.temp_log_195191_3c3c8d59,Room Admin,08-12-2018 04:23,29,1,08-12-2018,04:23
__export__.temp_log_195190_0cf4c084,Room Admin,08-12-2018 04:23,29,1,08-12-2018,04:23
__export__.temp_log_195185_40cec82c,Room Admin,08-12-2018 04:21,29,1,08-12-2018,04:21
__export__.temp_log_195184_338435ef,Room Admin,08-12-2018 04:21,29,1,08-12-2018,04:21
__export__.temp_log_195177_d33112e6,Room Admin,08-12-2018 04:20,36,0,08-12-2018,04:20
__export__.temp_log_195176_b9e9dbb5,Room Admin,08-12-2018 04:19,36,0,08-12-2018,04:19
__export__.temp_log_195175_07586658,Room Admin,08-12-2018 04:19,29,1,08-12-2018,04:19
__export__.temp_log_195174_72be5b21,Room Admin,08-12-2018 04:19,29,1,08-12-2018,04:19
__export__.temp_log_195167_e8fa1d81,Room Admin,08-12-2018 04:18,36,0,08-12-2018,04:18
__export__.temp_log_195166_abde5476,Room Admin,08-12-2018 04:17,36,0,08-12-2018,04:17
__export__.temp_log_195165_99840a1c,Room Admin,08-12-2018 04:17,29,1,08-12-2018,04:17
__export__.temp_log_195164_4ff2549b,Room Admin,08-12-2018 04:17,29,1,08-12-2018,04:17
__export__.temp_log_195158_b42b3e8b,Room Admin,08-12-2018 04:16,37,0,08-12-2018,04:16
__export__.temp_log_195159_f47207dc,Room Admin,08-12-2018 04:15,37,0,08-12-2018,04:15
__export__.temp_log_195153_1fbbf291,Room Admin,08-12-2018 04:14,37,0,08-12-2018,04:14
__export__.temp_log_195152_0912cefe,Room Admin,08-12-2018 04:14,37,0,08-12-2018,04:14
__export__.temp_log_195146_7b25971b,Room Admin,08-12-2018 04:11,29,1,08-12-2018,04:11
__export__.temp_log_195147_1be17b84,Room Admin,08-12-2018 04:11,29,1,08-12-2018,04:11
__export__.temp_log_195139_3ae05a53,Room Admin,08-12-2018 04:09,29,1,08-12-2018,04:09
__export__.temp_log_195138_4c528c59,Room Admin,08-12-2018 04:09,29,1,08-12-2018,04:09
__export__.temp_log_195132_88aa5b76,Room Admin,08-12-2018 04:08,36,0,08-12-2018,04:08
__export__.temp_log_195133_2e87c162,Room Admin,08-12-2018 04:08,36,0,08-12-2018,04:08
__export__.temp_log_195131_f2bc3d99,Room Admin,08-12-2018 04:07,29,1,08-12-2018,04:07
__export__.temp_log_195130_e2128775,Room Admin,08-12-2018 04:07,29,1,08-12-2018,04:07
__export__.temp_log_195119_950652c4,Room Admin,08-12-2018 04:04,36,0,08-12-2018,04:04
__export__.temp_log_195118_818af56d,Room Admin,08-12-2018 04:04,36,0,08-12-2018,04:04
__export__.temp_log_195117_0310e550,Room Admin,08-12-2018 04:03,29,1,08-12-2018,04:03
__export__.temp_log_195116_d31657b9,Room Admin,08-12-2018 04:03,29,1,08-12-2018,04:03
__export__.temp_log_195114_0302145d,Room Admin,08-12-2018 04:03,30,1,08-12-2018,04:03
__export__.temp_log_195115_7de36953,Room Admin,08-12-2018 04:03,30,1,08-12-2018,04:03
__export__.temp_log_195109_8368b845,Room Admin,08-12-2018 04:02,36,0,08-12-2018,04:02
__export__.temp_log_195108_1520c580,Room Admin,08-12-2018 04:02,36,0,08-12-2018,04:02
__export__.temp_log_195107_e9bd831a,Room Admin,08-12-2018 04:01,29,1,08-12-2018,04:01
__export__.temp_log_195106_1161a490,Room Admin,08-12-2018 04:01,29,1,08-12-2018,04:01
__export__.temp_log_195099_94fff493,Room Admin,08-12-2018 04:00,36,0,08-12-2018,04:00
__export__.temp_log_195098_6d37924f,Room Admin,08-12-2018 04:00,36,0,08-12-2018,04:00
__export__.temp_log_195097_7fb4f591,Room Admin,08-12-2018 03:59,29,1,08-12-2018,03:59
__export__.temp_log_195096_206056de,Room Admin,08-12-2018 03:59,29,1,08-12-2018,03:59
__export__.temp_log_195091_b1536e7c,Room Admin,08-12-2018 03:59,30,1,08-12-2018,03:59
__export__.temp_log_195090_a0dcc099,Room Admin,08-12-2018 03:59,30,1,08-12-2018,03:59
__export__.temp_log_195088_79fc3ddd,Room Admin,08-12-2018 03:58,36,0,08-12-2018,03:58
__export__.temp_log_195089_c24769a4,Room Admin,08-12-2018 03:58,36,0,08-12-2018,03:58
__export__.temp_log_195087_2785ae71,Room Admin,08-12-2018 03:57,29,1,08-12-2018,03:57
__export__.temp_log_195086_09d4d68c,Room Admin,08-12-2018 03:57,29,1,08-12-2018,03:57
__export__.temp_log_195083_ea67bfee,Room Admin,08-12-2018 03:55,29,1,08-12-2018,03:55
__export__.temp_log_195082_07be8615,Room Admin,08-12-2018 03:55,29,1,08-12-2018,03:55
__export__.temp_log_195076_e7d5b616,Room Admin,08-12-2018 03:54,36,0,08-12-2018,03:54
__export__.temp_log_195077_fe2b50d1,Room Admin,08-12-2018 03:54,36,0,08-12-2018,03:54
__export__.temp_log_195075_9de50453,Room Admin,08-12-2018 03:53,29,1,08-12-2018,03:53
__export__.temp_log_195074_8841b10a,Room Admin,08-12-2018 03:53,29,1,08-12-2018,03:53
__export__.temp_log_195071_7362ce83,Room Admin,08-12-2018 03:53,30,1,08-12-2018,03:53
__export__.temp_log_195069_1cc7bf5d,Room Admin,08-12-2018 03:53,30,1,08-12-2018,03:53
__export__.temp_log_195066_732e758f,Room Admin,08-12-2018 03:51,29,1,08-12-2018,03:51
__export__.temp_log_195067_02305247,Room Admin,08-12-2018 03:51,29,1,08-12-2018,03:51
__export__.temp_log_195063_41d106fd,Room Admin,08-12-2018 03:50,35,0,08-12-2018,03:50
__export__.temp_log_195062_bd5ad799,Room Admin,08-12-2018 03:50,35,0,08-12-2018,03:50
__export__.temp_log_195060_d29a5211,Room Admin,08-12-2018 03:49,29,1,08-12-2018,03:49
__export__.temp_log_195061_ab70c289,Room Admin,08-12-2018 03:49,29,1,08-12-2018,03:49
__export__.temp_log_195037_9456fdc0,Room Admin,08-12-2018 03:41,29,1,08-12-2018,03:41
__export__.temp_log_195036_d688778a,Room Admin,08-12-2018 03:41,29,1,08-12-2018,03:41
__export__.temp_log_195032_f565a419,Room Admin,08-12-2018 03:39,29,1,08-12-2018,03:39
__export__.temp_log_195033_f6909e99,Room Admin,08-12-2018 03:39,29,1,08-12-2018,03:39
__export__.temp_log_195029_0c268f3d,Room Admin,08-12-2018 03:38,36,0,08-12-2018,03:38
__export__.temp_log_195028_c20924a7,Room Admin,08-12-2018 03:38,36,0,08-12-2018,03:38
__export__.temp_log_195019_40f57304,Room Admin,08-12-2018 03:36,36,0,08-12-2018,03:36
__export__.temp_log_195018_23817b7a,Room Admin,08-12-2018 03:36,36,0,08-12-2018,03:36
__export__.temp_log_195016_4736aa06,Room Admin,08-12-2018 03:35,29,1,08-12-2018,03:35
__export__.temp_log_195017_d9b81aa4,Room Admin,08-12-2018 03:35,29,1,08-12-2018,03:35
__export__.temp_log_195007_a3107e67,Room Admin,08-12-2018 03:31,29,1,08-12-2018,03:31
__export__.temp_log_195006_f32da630,Room Admin,08-12-2018 03:31,29,1,08-12-2018,03:31
__export__.temp_log_195001_ad34e638,Room Admin,08-12-2018 03:30,36,0,08-12-2018,03:30
__export__.temp_log_195000_05234fe9,Room Admin,08-12-2018 03:30,36,0,08-12-2018,03:30
__export__.temp_log_194996_10f4893c,Room Admin,08-12-2018 03:27,29,1,08-12-2018,03:27
__export__.temp_log_194997_1464bf18,Room Admin,08-12-2018 03:27,29,1,08-12-2018,03:27
__export__.temp_log_194989_ff104a76,Room Admin,08-12-2018 03:24,36,0,08-12-2018,03:24
__export__.temp_log_194988_f315bb77,Room Admin,08-12-2018 03:24,36,0,08-12-2018,03:24
__export__.temp_log_194985_0c242e58,Room Admin,08-12-2018 03:21,29,1,08-12-2018,03:21
__export__.temp_log_194984_39091438,Room Admin,08-12-2018 03:21,29,1,08-12-2018,03:21
__export__.temp_log_194978_5b05268d,Room Admin,08-12-2018 03:20,35,0,08-12-2018,03:20
__export__.temp_log_194979_fcb58361,Room Admin,08-12-2018 03:20,35,0,08-12-2018,03:20
__export__.temp_log_194976_f231959c,Room Admin,08-12-2018 03:19,29,1,08-12-2018,03:19
__export__.temp_log_194977_a9146e04,Room Admin,08-12-2018 03:19,29,1,08-12-2018,03:19
__export__.temp_log_194969_4fd09f62,Room Admin,08-12-2018 03:18,36,0,08-12-2018,03:18
__export__.temp_log_194967_d389d9ec,Room Admin,08-12-2018 03:18,36,0,08-12-2018,03:18
__export__.temp_log_194965_46a0dad3,Room Admin,08-12-2018 03:17,29,1,08-12-2018,03:17
__export__.temp_log_194964_d81d2efb,Room Admin,08-12-2018 03:17,29,1,08-12-2018,03:17
__export__.temp_log_194959_9da0f776,Room Admin,08-12-2018 03:15,29,1,08-12-2018,03:15
__export__.temp_log_194958_c13f3297,Room Admin,08-12-2018 03:15,29,1,08-12-2018,03:15
__export__.temp_log_194954_9a7e21d5,Room Admin,08-12-2018 03:14,36,0,08-12-2018,03:14
__export__.temp_log_194955_e3ab639e,Room Admin,08-12-2018 03:14,36,0,08-12-2018,03:14
__export__.temp_log_194950_55e01366,Room Admin,08-12-2018 03:11,29,1,08-12-2018,03:11
__export__.temp_log_194951_b4c6d07f,Room Admin,08-12-2018 03:11,29,1,08-12-2018,03:11
__export__.temp_log_194941_0dc703fc,Room Admin,08-12-2018 03:08,36,0,08-12-2018,03:08
__export__.temp_log_194942_f328bbe1,Room Admin,08-12-2018 03:08,36,0,08-12-2018,03:08
__export__.temp_log_194939_76c28cf6,Room Admin,08-12-2018 03:07,29,1,08-12-2018,03:07
__export__.temp_log_194938_0139eddc,Room Admin,08-12-2018 03:07,29,1,08-12-2018,03:07
__export__.temp_log_194935_f9bb5258,Room Admin,08-12-2018 03:06,35,0,08-12-2018,03:06
__export__.temp_log_194934_f9b6583d,Room Admin,08-12-2018 03:06,35,0,08-12-2018,03:06
__export__.temp_log_194932_5e4f94e1,Room Admin,08-12-2018 03:05,29,1,08-12-2018,03:05
__export__.temp_log_194933_32ff9e01,Room Admin,08-12-2018 03:05,29,1,08-12-2018,03:05
__export__.temp_log_194929_32b50cc7,Room Admin,08-12-2018 03:04,35,0,08-12-2018,03:04
__export__.temp_log_194928_dc455534,Room Admin,08-12-2018 03:04,35,0,08-12-2018,03:04
__export__.temp_log_194923_77cecea5,Room Admin,08-12-2018 03:00,35,0,08-12-2018,03:00
__export__.temp_log_194922_6b2693d7,Room Admin,08-12-2018 03:00,35,0,08-12-2018,03:00
__export__.temp_log_194919_9d554452,Room Admin,08-12-2018 02:59,29,1,08-12-2018,02:59
__export__.temp_log_194918_b4c3d084,Room Admin,08-12-2018 02:59,29,1,08-12-2018,02:59
__export__.temp_log_194917_4ac46cc0,Room Admin,08-12-2018 02:56,35,0,08-12-2018,02:56
__export__.temp_log_194916_6e8c8785,Room Admin,08-12-2018 02:56,35,0,08-12-2018,02:56
__export__.temp_log_194913_0d213bb7,Room Admin,08-12-2018 02:52,35,0,08-12-2018,02:52
__export__.temp_log_194912_3eef1c8f,Room Admin,08-12-2018 02:52,35,0,08-12-2018,02:52
__export__.temp_log_194911_7f8aa418,Room Admin,08-12-2018 02:51,29,1,08-12-2018,02:51
__export__.temp_log_194910_4048ba16,Room Admin,08-12-2018 02:51,29,1,08-12-2018,02:51
__export__.temp_log_194905_0dee4540,Room Admin,08-12-2018 02:50,36,0,08-12-2018,02:50
__export__.temp_log_194903_7437576f,Room Admin,08-12-2018 02:50,36,0,08-12-2018,02:50
__export__.temp_log_194901_6f57fc6f,Room Admin,08-12-2018 02:49,29,1,08-12-2018,02:49
__export__.temp_log_194900_458dc13d,Room Admin,08-12-2018 02:49,29,1,08-12-2018,02:49
__export__.temp_log_194895_7df55b11,Room Admin,08-12-2018 02:48,35,0,08-12-2018,02:48
__export__.temp_log_194894_b5061323,Room Admin,08-12-2018 02:48,35,0,08-12-2018,02:48
__export__.temp_log_194893_471c25a3,Room Admin,08-12-2018 02:47,29,1,08-12-2018,02:47
__export__.temp_log_194892_a320632f,Room Admin,08-12-2018 02:47,29,1,08-12-2018,02:47
__export__.temp_log_194886_8c307f40,Room Admin,08-12-2018 02:46,35,0,08-12-2018,02:46
__export__.temp_log_194887_76cd2cc1,Room Admin,08-12-2018 02:46,35,0,08-12-2018,02:46
__export__.temp_log_194876_dd947230,Room Admin,08-12-2018 02:44,35,0,08-12-2018,02:44
__export__.temp_log_194877_a389efa8,Room Admin,08-12-2018 02:44,35,0,08-12-2018,02:44
__export__.temp_log_194873_62ec65e1,Room Admin,08-12-2018 02:43,29,1,08-12-2018,02:43
__export__.temp_log_194872_b936cf73,Room Admin,08-12-2018 02:43,29,1,08-12-2018,02:43
__export__.temp_log_194868_89f4af30,Room Admin,08-12-2018 02:42,35,0,08-12-2018,02:42
__export__.temp_log_194869_4103a2d9,Room Admin,08-12-2018 02:42,35,0,08-12-2018,02:42
__export__.temp_log_194863_25e99ca4,Room Admin,08-12-2018 02:40,35,0,08-12-2018,02:40
__export__.temp_log_194862_15a65b72,Room Admin,08-12-2018 02:40,35,0,08-12-2018,02:40
__export__.temp_log_194861_d4ba58c5,Room Admin,08-12-2018 02:39,29,1,08-12-2018,02:39
__export__.temp_log_194860_1096f062,Room Admin,08-12-2018 02:39,29,1,08-12-2018,02:39
__export__.temp_log_194857_f3f2e348,Room Admin,08-12-2018 02:38,35,0,08-12-2018,02:38
__export__.temp_log_194856_59363189,Room Admin,08-12-2018 02:38,35,0,08-12-2018,02:38
__export__.temp_log_194854_a4d07ea7,Room Admin,08-12-2018 02:37,29,1,08-12-2018,02:37
__export__.temp_log_194855_5011284d,Room Admin,08-12-2018 02:37,29,1,08-12-2018,02:37
__export__.temp_log_194851_7b30319a,Room Admin,08-12-2018 02:36,34,0,08-12-2018,02:36
__export__.temp_log_194850_62e01874,Room Admin,08-12-2018 02:36,34,0,08-12-2018,02:36
__export__.temp_log_194848_3a7223be,Room Admin,08-12-2018 02:35,29,1,08-12-2018,02:35
__export__.temp_log_194849_0143353a,Room Admin,08-12-2018 02:35,29,1,08-12-2018,02:35
__export__.temp_log_194843_306a6680,Room Admin,08-12-2018 02:34,35,0,08-12-2018,02:34
__export__.temp_log_194842_b864ffe8,Room Admin,08-12-2018 02:34,35,0,08-12-2018,02:34
__export__.temp_log_194840_c3310ddf,Room Admin,08-12-2018 02:33,29,1,08-12-2018,02:33
__export__.temp_log_194841_64906bb9,Room Admin,08-12-2018 02:33,29,1,08-12-2018,02:33
__export__.temp_log_194839_1959c8b5,Room Admin,08-12-2018 02:32,35,0,08-12-2018,02:32
__export__.temp_log_194838_35ed0127,Room Admin,08-12-2018 02:32,35,0,08-12-2018,02:32
__export__.temp_log_194837_545ffae2,Room Admin,08-12-2018 02:31,29,1,08-12-2018,02:31
__export__.temp_log_194836_9b76a8f2,Room Admin,08-12-2018 02:31,29,1,08-12-2018,02:31
__export__.temp_log_194829_643f239d,Room Admin,08-12-2018 02:29,29,1,08-12-2018,02:29
__export__.temp_log_194828_8bc06df4,Room Admin,08-12-2018 02:29,29,1,08-12-2018,02:29
__export__.temp_log_194821_1e268d29,Room Admin,08-12-2018 02:28,35,0,08-12-2018,02:28
__export__.temp_log_194820_3c2b7de0,Room Admin,08-12-2018 02:28,35,0,08-12-2018,02:28
__export__.temp_log_194817_b7974218,Room Admin,08-12-2018 02:27,29,1,08-12-2018,02:27
__export__.temp_log_194816_de1b7ebb,Room Admin,08-12-2018 02:27,29,1,08-12-2018,02:27
__export__.temp_log_194806_314d3aaa,Room Admin,08-12-2018 02:23,29,1,08-12-2018,02:23
__export__.temp_log_194807_3f2e7e94,Room Admin,08-12-2018 02:23,29,1,08-12-2018,02:23
__export__.temp_log_194802_ff247ff6,Room Admin,08-12-2018 02:22,35,0,08-12-2018,02:22
__export__.temp_log_194803_0f7eea10,Room Admin,08-12-2018 02:22,35,0,08-12-2018,02:22
__export__.temp_log_194800_5e14c03d,Room Admin,08-12-2018 02:21,29,1,08-12-2018,02:21
__export__.temp_log_194801_243a5309,Room Admin,08-12-2018 02:21,29,1,08-12-2018,02:21
__export__.temp_log_194795_810d0ae7,Room Admin,08-12-2018 02:19,29,1,08-12-2018,02:19
__export__.temp_log_194794_e8205c52,Room Admin,08-12-2018 02:19,29,1,08-12-2018,02:19
__export__.temp_log_194791_9814792e,Room Admin,08-12-2018 02:15,29,1,08-12-2018,02:15
__export__.temp_log_194790_381b220a,Room Admin,08-12-2018 02:15,29,1,08-12-2018,02:15
__export__.temp_log_194787_fa7912bf,Room Admin,08-12-2018 02:14,30,1,08-12-2018,02:14
__export__.temp_log_194786_a51c3165,Room Admin,08-12-2018 02:14,30,1,08-12-2018,02:14
__export__.temp_log_194783_20c2e2e8,Room Admin,08-12-2018 02:14,35,0,08-12-2018,02:14
__export__.temp_log_194782_f0a715a3,Room Admin,08-12-2018 02:14,35,0,08-12-2018,02:14
__export__.temp_log_194779_d3719fa9,Room Admin,08-12-2018 02:13,30,1,08-12-2018,02:13
__export__.temp_log_194778_f9cc9eeb,Room Admin,08-12-2018 02:12,30,1,08-12-2018,02:12
__export__.temp_log_194775_84a5ca0c,Room Admin,08-12-2018 02:12,35,0,08-12-2018,02:12
__export__.temp_log_194774_1f7f4fd1,Room Admin,08-12-2018 02:12,35,0,08-12-2018,02:12
__export__.temp_log_194766_fd5bd51c,Room Admin,08-12-2018 02:09,29,1,08-12-2018,02:09
__export__.temp_log_194767_6d3b6b50,Room Admin,08-12-2018 02:09,29,1,08-12-2018,02:09
__export__.temp_log_194761_b46e698e,Room Admin,08-12-2018 02:08,35,0,08-12-2018,02:08
__export__.temp_log_194760_18dcd624,Room Admin,08-12-2018 02:08,35,0,08-12-2018,02:08
__export__.temp_log_194758_bc93a32f,Room Admin,08-12-2018 02:07,29,1,08-12-2018,02:07
__export__.temp_log_194759_e4d1bf69,Room Admin,08-12-2018 02:07,29,1,08-12-2018,02:07
__export__.temp_log_194755_db2957e5,Room Admin,08-12-2018 02:06,36,0,08-12-2018,02:06
__export__.temp_log_194754_e9239422,Room Admin,08-12-2018 02:06,36,0,08-12-2018,02:06
__export__.temp_log_194753_206b3eae,Room Admin,08-12-2018 02:05,29,1,08-12-2018,02:05
__export__.temp_log_194752_7e1f65fd,Room Admin,08-12-2018 02:05,29,1,08-12-2018,02:05
__export__.temp_log_194749_d8eb7a5a,Room Admin,08-12-2018 02:04,35,0,08-12-2018,02:04
__export__.temp_log_194748_a3bf9575,Room Admin,08-12-2018 02:04,35,0,08-12-2018,02:04
__export__.temp_log_194747_a50ea5a6,Room Admin,08-12-2018 02:03,29,1,08-12-2018,02:03
__export__.temp_log_194746_dc20cecb,Room Admin,08-12-2018 02:03,29,1,08-12-2018,02:03
__export__.temp_log_194744_9e28b472,Room Admin,08-12-2018 02:02,35,0,08-12-2018,02:02
__export__.temp_log_194745_8e6054de,Room Admin,08-12-2018 02:02,35,0,08-12-2018,02:02
__export__.temp_log_194740_a4f71d26,Room Admin,08-12-2018 01:59,29,1,08-12-2018,01:59
__export__.temp_log_194741_366646bc,Room Admin,08-12-2018 01:59,29,1,08-12-2018,01:59
__export__.temp_log_194735_f41883b1,Room Admin,08-12-2018 01:57,29,1,08-12-2018,01:57
__export__.temp_log_194734_8742440e,Room Admin,08-12-2018 01:57,29,1,08-12-2018,01:57
__export__.temp_log_194731_781e3b41,Room Admin,08-12-2018 01:56,35,0,08-12-2018,01:56
__export__.temp_log_194730_744a4ce7,Room Admin,08-12-2018 01:56,35,0,08-12-2018,01:56
__export__.temp_log_194728_6a1e0ee3,Room Admin,08-12-2018 01:55,29,1,08-12-2018,01:55
__export__.temp_log_194729_1eec1b7d,Room Admin,08-12-2018 01:55,29,1,08-12-2018,01:55
__export__.temp_log_194723_e4447603,Room Admin,08-12-2018 01:54,35,0,08-12-2018,01:54
__export__.temp_log_194722_6a550b4a,Room Admin,08-12-2018 01:54,35,0,08-12-2018,01:54
__export__.temp_log_194718_841324c9,Room Admin,08-12-2018 01:53,29,1,08-12-2018,01:53
__export__.temp_log_194719_725c05d9,Room Admin,08-12-2018 01:53,29,1,08-12-2018,01:53
__export__.temp_log_194713_091484a2,Room Admin,08-12-2018 01:52,35,0,08-12-2018,01:52
__export__.temp_log_194712_f3ad7d14,Room Admin,08-12-2018 01:52,35,0,08-12-2018,01:52
__export__.temp_log_194708_c722997f,Room Admin,08-12-2018 01:51,29,1,08-12-2018,01:51
__export__.temp_log_194709_dd56f0e9,Room Admin,08-12-2018 01:51,29,1,08-12-2018,01:51
__export__.temp_log_194705_11c47478,Room Admin,08-12-2018 01:50,36,0,08-12-2018,01:50
__export__.temp_log_194704_4357ef84,Room Admin,08-12-2018 01:50,36,0,08-12-2018,01:50
__export__.temp_log_194689_b98e94f7,Room Admin,08-12-2018 01:45,29,1,08-12-2018,01:45
__export__.temp_log_194688_9b31138b,Room Admin,08-12-2018 01:45,29,1,08-12-2018,01:45
__export__.temp_log_194684_fd8e1317,Room Admin,08-12-2018 01:43,29,1,08-12-2018,01:43
__export__.temp_log_194685_3cee0a5a,Room Admin,08-12-2018 01:43,29,1,08-12-2018,01:43
__export__.temp_log_194674_44bb4091,Room Admin,08-12-2018 01:40,30,1,08-12-2018,01:40
__export__.temp_log_194675_8e828f31,Room Admin,08-12-2018 01:40,30,1,08-12-2018,01:40
__export__.temp_log_194669_28678a52,Room Admin,08-12-2018 01:39,29,1,08-12-2018,01:39
__export__.temp_log_194668_ce03abbd,Room Admin,08-12-2018 01:39,29,1,08-12-2018,01:39
__export__.temp_log_194666_80bbf90a,Room Admin,08-12-2018 01:38,30,1,08-12-2018,01:38
__export__.temp_log_194667_ea59dc92,Room Admin,08-12-2018 01:38,30,1,08-12-2018,01:38
__export__.temp_log_194663_3e0f66ee,Room Admin,08-12-2018 01:37,29,1,08-12-2018,01:37
__export__.temp_log_194662_6858b0fd,Room Admin,08-12-2018 01:37,29,1,08-12-2018,01:37
__export__.temp_log_194658_0ae57208,Room Admin,08-12-2018 01:36,30,1,08-12-2018,01:36
__export__.temp_log_194660_5a2f0ab5,Room Admin,08-12-2018 01:36,30,1,08-12-2018,01:36
__export__.temp_log_194653_3463cc19,Room Admin,08-12-2018 01:34,30,1,08-12-2018,01:34
__export__.temp_log_194652_150516ad,Room Admin,08-12-2018 01:34,30,1,08-12-2018,01:34
__export__.temp_log_194645_ae5ccd94,Room Admin,08-12-2018 01:31,29,1,08-12-2018,01:31
__export__.temp_log_194644_14d79e2d,Room Admin,08-12-2018 01:31,29,1,08-12-2018,01:31
__export__.temp_log_194636_98543f68,Room Admin,08-12-2018 01:29,29,1,08-12-2018,01:29
__export__.temp_log_194637_c072f958,Room Admin,08-12-2018 01:29,29,1,08-12-2018,01:29
__export__.temp_log_194633_5d766573,Room Admin,08-12-2018 01:28,30,1,08-12-2018,01:28
__export__.temp_log_194632_8719c8fa,Room Admin,08-12-2018 01:28,30,1,08-12-2018,01:28
__export__.temp_log_194623_4cf3d43c,Room Admin,08-12-2018 01:24,36,0,08-12-2018,01:24
__export__.temp_log_194622_092027ed,Room Admin,08-12-2018 01:24,36,0,08-12-2018,01:24
__export__.temp_log_194620_36c5cbf7,Room Admin,08-12-2018 01:23,29,1,08-12-2018,01:23
__export__.temp_log_194621_c61ccc01,Room Admin,08-12-2018 01:23,29,1,08-12-2018,01:23
__export__.temp_log_194614_a2220c42,Room Admin,08-12-2018 01:21,29,1,08-12-2018,01:21
__export__.temp_log_194615_9d25275c,Room Admin,08-12-2018 01:21,29,1,08-12-2018,01:21
__export__.temp_log_194611_e0e3fe67,Room Admin,08-12-2018 01:20,36,0,08-12-2018,01:20
__export__.temp_log_194610_93492a6b,Room Admin,08-12-2018 01:20,36,0,08-12-2018,01:20
__export__.temp_log_194607_46a04987,Room Admin,08-12-2018 01:19,29,1,08-12-2018,01:19
__export__.temp_log_194606_052b8799,Room Admin,08-12-2018 01:19,29,1,08-12-2018,01:19
__export__.temp_log_194597_5253a483,Room Admin,08-12-2018 01:17,29,1,08-12-2018,01:17
__export__.temp_log_194596_84596206,Room Admin,08-12-2018 01:17,29,1,08-12-2018,01:17
__export__.temp_log_194592_2dfb92f0,Room Admin,08-12-2018 01:15,29,1,08-12-2018,01:15
__export__.temp_log_194593_68d9c59e,Room Admin,08-12-2018 01:15,29,1,08-12-2018,01:15
__export__.temp_log_194579_ee7e99d7,Room Admin,08-12-2018 01:09,29,1,08-12-2018,01:09
__export__.temp_log_194578_f915bc76,Room Admin,08-12-2018 01:09,29,1,08-12-2018,01:09
__export__.temp_log_194563_36005663,Room Admin,08-12-2018 01:03,29,1,08-12-2018,01:03
__export__.temp_log_194562_8f38cf3d,Room Admin,08-12-2018 01:03,29,1,08-12-2018,01:03
__export__.temp_log_194555_e0289275,Room Admin,08-12-2018 00:59,29,1,08-12-2018,00:59
__export__.temp_log_194554_090b5d40,Room Admin,08-12-2018 00:59,29,1,08-12-2018,00:59
__export__.temp_log_194545_59d3430e,Room Admin,08-12-2018 00:56,36,0,08-12-2018,00:56
__export__.temp_log_194544_1ec7c1c1,Room Admin,08-12-2018 00:56,36,0,08-12-2018,00:56
__export__.temp_log_194541_d492268d,Room Admin,08-12-2018 00:55,29,1,08-12-2018,00:55
__export__.temp_log_194540_7829dad5,Room Admin,08-12-2018 00:55,29,1,08-12-2018,00:55
__export__.temp_log_194531_bb5a0ac0,Room Admin,08-12-2018 00:49,29,1,08-12-2018,00:49
__export__.temp_log_194530_60460764,Room Admin,08-12-2018 00:49,29,1,08-12-2018,00:49
__export__.temp_log_194527_92f0ddf8,Room Admin,08-12-2018 00:48,36,0,08-12-2018,00:48
__export__.temp_log_194526_7c2ee290,Room Admin,08-12-2018 00:48,36,0,08-12-2018,00:48
__export__.temp_log_194525_f34df9ae,Room Admin,08-12-2018 00:47,29,1,08-12-2018,00:47
__export__.temp_log_194524_5ddbb084,Room Admin,08-12-2018 00:47,29,1,08-12-2018,00:47
__export__.temp_log_194518_909c67b8,Room Admin,08-12-2018 00:43,29,1,08-12-2018,00:43
__export__.temp_log_194519_d1fcf870,Room Admin,08-12-2018 00:43,29,1,08-12-2018,00:43
__export__.temp_log_194517_ecf9e9df,Room Admin,08-12-2018 00:42,36,0,08-12-2018,00:42
__export__.temp_log_194516_6ea0a47c,Room Admin,08-12-2018 00:42,36,0,08-12-2018,00:42
__export__.temp_log_194513_239deb28,Room Admin,08-12-2018 00:41,29,1,08-12-2018,00:41
__export__.temp_log_194512_f1622e46,Room Admin,08-12-2018 00:41,29,1,08-12-2018,00:41
__export__.temp_log_194511_848fadb2,Room Admin,08-12-2018 00:39,29,1,08-12-2018,00:39
__export__.temp_log_194510_8ee37102,Room Admin,08-12-2018 00:39,29,1,08-12-2018,00:39
__export__.temp_log_194509_997505d6,Room Admin,08-12-2018 00:37,29,1,08-12-2018,00:37
__export__.temp_log_194508_2cc23aa9,Room Admin,08-12-2018 00:37,29,1,08-12-2018,00:37
__export__.temp_log_194507_a4a7a625,Room Admin,08-12-2018 00:35,29,1,08-12-2018,00:35
__export__.temp_log_194506_7ac0db75,Room Admin,08-12-2018 00:35,29,1,08-12-2018,00:35
__export__.temp_log_194503_d0e35601,Room Admin,08-12-2018 00:31,29,1,08-12-2018,00:31
__export__.temp_log_194502_3dae76a2,Room Admin,08-12-2018 00:31,29,1,08-12-2018,00:31
__export__.temp_log_194498_a2653be9,Room Admin,08-12-2018 00:30,36,0,08-12-2018,00:30
__export__.temp_log_194499_069a3c1a,Room Admin,08-12-2018 00:30,36,0,08-12-2018,00:30
__export__.temp_log_194496_94b14b2f,Room Admin,08-12-2018 00:29,29,1,08-12-2018,00:29
__export__.temp_log_194497_2b8aec73,Room Admin,08-12-2018 00:29,29,1,08-12-2018,00:29
__export__.temp_log_194495_d9df6013,Room Admin,08-12-2018 00:26,36,0,08-12-2018,00:26
__export__.temp_log_194494_bf2dc395,Room Admin,08-12-2018 00:26,36,0,08-12-2018,00:26
__export__.temp_log_194491_03fbda92,Room Admin,08-12-2018 00:25,29,1,08-12-2018,00:25
__export__.temp_log_194490_c03ad4c6,Room Admin,08-12-2018 00:25,29,1,08-12-2018,00:25
__export__.temp_log_194486_c214da2f,Room Admin,08-12-2018 00:23,29,1,08-12-2018,00:23
__export__.temp_log_194487_cdc8c2c0,Room Admin,08-12-2018 00:23,29,1,08-12-2018,00:23
__export__.temp_log_194483_208581df,Room Admin,08-12-2018 00:21,29,1,08-12-2018,00:21
__export__.temp_log_194482_37fa8ba2,Room Admin,08-12-2018 00:21,29,1,08-12-2018,00:21
__export__.temp_log_194479_2192a9c5,Room Admin,08-12-2018 00:19,29,1,08-12-2018,00:19
__export__.temp_log_194478_4eb481df,Room Admin,08-12-2018 00:19,29,1,08-12-2018,00:19
__export__.temp_log_194474_1ef9b3b7,Room Admin,08-12-2018 00:17,29,1,08-12-2018,00:17
__export__.temp_log_194475_8ff98d5e,Room Admin,08-12-2018 00:17,29,1,08-12-2018,00:17
__export__.temp_log_194473_98e04ec0,Room Admin,08-12-2018 00:15,29,1,08-12-2018,00:15
__export__.temp_log_194472_c8de7bbe,Room Admin,08-12-2018 00:15,29,1,08-12-2018,00:15
__export__.temp_log_194470_a0e3e765,Room Admin,08-12-2018 00:14,36,0,08-12-2018,00:14
__export__.temp_log_194471_b705c76e,Room Admin,08-12-2018 00:14,36,0,08-12-2018,00:14
__export__.temp_log_194468_c57249d5,Room Admin,08-12-2018 00:13,29,1,08-12-2018,00:13
__export__.temp_log_194469_01b9f659,Room Admin,08-12-2018 00:13,29,1,08-12-2018,00:13
__export__.temp_log_194467_dca1748a,Room Admin,08-12-2018 00:12,36,0,08-12-2018,00:12
__export__.temp_log_194466_2d3d7f99,Room Admin,08-12-2018 00:12,36,0,08-12-2018,00:12
__export__.temp_log_194463_aa076515,Room Admin,08-12-2018 00:11,29,1,08-12-2018,00:11
__export__.temp_log_194462_cd1c7d66,Room Admin,08-12-2018 00:11,29,1,08-12-2018,00:11
__export__.temp_log_194456_1595a890,Room Admin,08-12-2018 00:09,29,1,08-12-2018,00:09
__export__.temp_log_194457_73c83528,Room Admin,08-12-2018 00:09,29,1,08-12-2018,00:09
__export__.temp_log_194449_58a54913,Room Admin,08-12-2018 00:05,29,1,08-12-2018,00:05
__export__.temp_log_194448_b7c00056,Room Admin,08-12-2018 00:05,29,1,08-12-2018,00:05
__export__.temp_log_194444_b4308bdd,Room Admin,08-12-2018 00:04,36,0,08-12-2018,00:04
__export__.temp_log_194445_2f7f1b30,Room Admin,08-12-2018 00:04,36,0,08-12-2018,00:04
__export__.temp_log_194443_6f3afe17,Room Admin,08-12-2018 00:03,29,1,08-12-2018,00:03
__export__.temp_log_194442_8a532819,Room Admin,08-12-2018 00:03,29,1,08-12-2018,00:03
__export__.temp_log_194439_8c07abc5,Room Admin,08-12-2018 00:02,36,0,08-12-2018,00:02
__export__.temp_log_194438_3942217a,Room Admin,08-12-2018 00:02,36,0,08-12-2018,00:02
__export__.temp_log_194436_61ca11ba,Room Admin,08-12-2018 00:00,35,0,08-12-2018,00:00
__export__.temp_log_194437_d9501a33,Room Admin,08-12-2018 00:00,35,0,08-12-2018,00:00
